Hoang Van Minh,19/02/1999,HN,minh@gmail.com,true,C0321K4,6.7
Hoang Van Sinh,19/01/1999,HN,sinh@gmail.com,Male,C0321K9,7.1
Luu Thi Thuy Linh,22/03/2000,ND,linh@gmail.com,false,C0321K2,9.3
Nguyen Van Manh,22/04/2000,HN,manh@gmail.com,true,C0321K6,8.3
Nguyen Van Thuy,22/04/1999,TH,thuy@gmail.com,true,C0321K3,7.3
Vu Duc Thanh,09/08/1998,HD,thanh@gmail.com,true,C0321K1,8.4
